{"best/epoch": 27, "best/precision": 0.6223048520068973, "best/recall": 0.7662416864850272, "best/mAP_0.5": 0.7525467528428003, "best/mAP_0.5:0.95": 0.4509006009659824, "Labels": {"_type": "images/separated", "width": 2000, "height": 2000, "format": "jpg", "count": 2, "filenames": ["media/images/Labels_0_d07381ca2e20b09b69c1.jpg", "media/images/Labels_0_88890602ee9b834b0bb5.jpg"], "captions": ["labels_correlogram.jpg", "labels.jpg"]}, "Mosaics": {"_type": "images/separated", "width": 1920, "height": 1920, "format": "jpg", "count": 3, "filenames": ["media/images/Mosaics_0_e3c777ba399733e717aa.jpg", "media/images/Mosaics_0_fd16c5def12bc598bbdf.jpg", "media/images/Mosaics_0_fed013115670f6fde622.jpg"], "captions": ["train_batch0.jpg", "train_batch1.jpg", "train_batch2.jpg"]}, "train/box_loss": 0.01445519644767046, "train/obj_loss": 0.009387409314513206, "train/cls_loss": 0.0032392232678830624, "metrics/precision": 0.5735080866133679, "metrics/recall": 0.6103611982474245, "metrics/mAP_0.5": 0.5917316754497435, "metrics/mAP_0.5:0.95": 0.39085055994880114, "val/box_loss": 0.01553392130881548, "val/obj_loss": 0.007043453864753246, "val/cls_loss": 0.012710535898804665, "x/lr0": 0.009406, "x/lr1": 0.009406, "x/lr2": 0.009406, "_timestamp": 1687493962.9598918, "_runtime": 2360.3116688728333, "_step": 31, "_wandb": {"runtime": 2369}}