{"best/epoch": 227, "best/precision": 0.8830748122844911, "best/recall": 0.9248124648715383, "best/mAP_0.5": 0.9509222890671281, "best/mAP_0.5:0.95": 0.6868390484646272, "Labels": {"_type": "images/separated", "width": 2000, "height": 2000, "format": "jpg", "count": 2, "filenames": ["media/images/Labels_0_d07381ca2e20b09b69c1.jpg", "media/images/Labels_0_88890602ee9b834b0bb5.jpg"], "captions": ["labels_correlogram.jpg", "labels.jpg"]}, "Mosaics": {"_type": "images/separated", "width": 1920, "height": 1920, "format": "jpg", "count": 3, "filenames": ["media/images/Mosaics_0_e459b535f8c9d1e9e03e.jpg", "media/images/Mosaics_0_d012b4e5970cf2be9683.jpg", "media/images/Mosaics_0_21c752baf1eed472da86.jpg"], "captions": ["train_batch0.jpg", "train_batch1.jpg", "train_batch2.jpg"]}, "train/box_loss": 0.006897996179759502, "train/obj_loss": 0.005983354523777962, "train/cls_loss": 0.0004782573669217527, "metrics/precision": 0.883513088182105, "metrics/recall": 0.924405693464297, "metrics/mAP_0.5": 0.9508631650758688, "metrics/mAP_0.5:0.95": 0.6865074311361403, "val/box_loss": 0.008915881626307964, "val/obj_loss": 0.0049799284897744656, "val/cls_loss": 0.0010151861933991313, "x/lr0": 0.0035452, "x/lr1": 0.0035452, "x/lr2": 0.0035452, "_timestamp": 1687435467.0094922, "_runtime": 20510.0259912014, "_step": 328, "Validation": {"_type": "images/separated", "width": 1920, "height": 1920, "format": "jpg", "count": 6, "filenames": ["media/images/Validation_328_046d910cee3d9d007ae6.jpg", "media/images/Validation_328_c13b03dcd4086d8118dd.jpg", "media/images/Validation_328_026b3911ef0cb06df6ec.jpg", "media/images/Validation_328_db99acf32eb865602ab5.jpg", "media/images/Validation_328_86cb081fed4983a22fb9.jpg", "media/images/Validation_328_891b70953284bb78ede9.jpg"], "captions": ["val_batch0_labels.jpg", "val_batch0_pred.jpg", "val_batch1_labels.jpg", "val_batch1_pred.jpg", "val_batch2_labels.jpg", "val_batch2_pred.jpg"]}, "Results": {"_type": "images/separated", "width": 2400, "height": 1200, "format": "png", "count": 6, "filenames": ["media/images/Results_328_1d421ce2ebbed1c8e0f7.png", "media/images/Results_328_9b45b8d03e4327762e8a.png", "media/images/Results_328_450564f44b65f18d2fd6.png", "media/images/Results_328_c17bb0e53e7a868a5ea7.png", "media/images/Results_328_98f28e27b774bb8e1a5a.png", "media/images/Results_328_e57d67042778302db148.png"], "captions": ["results.png", "confusion_matrix.png", "F1_curve.png", "PR_curve.png", "P_curve.png", "R_curve.png"]}, "_wandb": {"runtime": 20508}}