{"best/epoch": 229, "best/precision": 0.8927597696835002, "best/recall": 0.918127811804184, "best/mAP_0.5": 0.9441313056208891, "best/mAP_0.5:0.95": 0.6767996637130014, "Labels": {"_type": "images/separated", "width": 2000, "height": 2000, "format": "jpg", "count": 2, "filenames": ["media/images/Labels_0_d07381ca2e20b09b69c1.jpg", "media/images/Labels_0_88890602ee9b834b0bb5.jpg"], "captions": ["labels_correlogram.jpg", "labels.jpg"]}, "Mosaics": {"_type": "images/separated", "width": 1920, "height": 1920, "format": "jpg", "count": 3, "filenames": ["media/images/Mosaics_0_e459b535f8c9d1e9e03e.jpg", "media/images/Mosaics_0_d012b4e5970cf2be9683.jpg", "media/images/Mosaics_0_21c752baf1eed472da86.jpg"], "captions": ["train_batch0.jpg", "train_batch1.jpg", "train_batch2.jpg"]}, "train/box_loss": 0.010618897154927254, "train/obj_loss": 0.006012900732457638, "train/cls_loss": 0.0006713275797665119, "metrics/precision": 0.8930888268379431, "metrics/recall": 0.9181733839475479, "metrics/mAP_0.5": 0.9440699197742874, "metrics/mAP_0.5:0.95": 0.6767348825803564, "val/box_loss": 0.013473947532474995, "val/obj_loss": 0.004872421268373728, "val/cls_loss": 0.0007675528177060187, "x/lr0": 0.0035055999999999998, "x/lr1": 0.0035055999999999998, "x/lr2": 0.0035055999999999998, "_timestamp": 1687507323.3727205, "_runtime": 16003.91741657257, "_step": 330, "Validation": {"_type": "images/separated", "width": 1920, "height": 1920, "format": "jpg", "count": 6, "filenames": ["media/images/Validation_330_046d910cee3d9d007ae6.jpg", "media/images/Validation_330_11c1905d37fe096476f0.jpg", "media/images/Validation_330_026b3911ef0cb06df6ec.jpg", "media/images/Validation_330_066ae76ce2d88fe4154a.jpg", "media/images/Validation_330_86cb081fed4983a22fb9.jpg", "media/images/Validation_330_fa1b8ca3e62fff9a295f.jpg"], "captions": ["val_batch0_labels.jpg", "val_batch0_pred.jpg", "val_batch1_labels.jpg", "val_batch1_pred.jpg", "val_batch2_labels.jpg", "val_batch2_pred.jpg"]}, "Results": {"_type": "images/separated", "width": 2400, "height": 1200, "format": "png", "count": 6, "filenames": ["media/images/Results_330_99ad229c5f07a108060f.png", "media/images/Results_330_5d906c15c4972eb0ca3d.png", "media/images/Results_330_7a17197932cb4572e64e.png", "media/images/Results_330_bb074e64b6898865967b.png", "media/images/Results_330_7f808c81a9a70ce204a8.png", "media/images/Results_330_625eb637612831f061fa.png"], "captions": ["results.png", "confusion_matrix.png", "F1_curve.png", "PR_curve.png", "P_curve.png", "R_curve.png"]}, "_wandb": {"runtime": 16002}}