{"best/epoch": 243, "best/precision": 0.8791408876033411, "best/recall": 0.9163020616092337, "best/mAP_0.5": 0.9290559509510912, "best/mAP_0.5:0.95": 0.6742536401645252, "Labels": {"_type": "images/separated", "width": 2000, "height": 2000, "format": "jpg", "count": 2, "filenames": ["media/images/Labels_0_d07381ca2e20b09b69c1.jpg", "media/images/Labels_0_88890602ee9b834b0bb5.jpg"], "captions": ["labels_correlogram.jpg", "labels.jpg"]}, "Mosaics": {"_type": "images/separated", "width": 1920, "height": 1920, "format": "jpg", "count": 3, "filenames": ["media/images/Mosaics_0_e459b535f8c9d1e9e03e.jpg", "media/images/Mosaics_0_d012b4e5970cf2be9683.jpg", "media/images/Mosaics_0_21c752baf1eed472da86.jpg"], "captions": ["train_batch0.jpg", "train_batch1.jpg", "train_batch2.jpg"]}, "train/box_loss": 0.020763138309121132, "train/obj_loss": 0.005913104396313429, "train/cls_loss": 0.0008517345413565636, "metrics/precision": 0.8876709249702763, "metrics/recall": 0.8836392557029735, "metrics/mAP_0.5": 0.9252063893565567, "metrics/mAP_0.5:0.95": 0.6717183665095736, "val/box_loss": 0.02805405855178833, "val/obj_loss": 0.005123337265104055, "val/cls_loss": 0.0012254476314410567, "x/lr0": 0.0032283999999999998, "x/lr1": 0.0032283999999999998, "x/lr2": 0.0032283999999999998, "_timestamp": 1687706392.4711037, "_runtime": 19811.021047592163, "_step": 344, "Validation": {"_type": "images/separated", "width": 1920, "height": 1920, "format": "jpg", "count": 6, "filenames": ["media/images/Validation_344_046d910cee3d9d007ae6.jpg", "media/images/Validation_344_97f7cc9368604511d827.jpg", "media/images/Validation_344_026b3911ef0cb06df6ec.jpg", "media/images/Validation_344_42092494e20dd13d0b49.jpg", "media/images/Validation_344_86cb081fed4983a22fb9.jpg", "media/images/Validation_344_beaa40f29d474d567f5f.jpg"], "captions": ["val_batch0_labels.jpg", "val_batch0_pred.jpg", "val_batch1_labels.jpg", "val_batch1_pred.jpg", "val_batch2_labels.jpg", "val_batch2_pred.jpg"]}, "Results": {"_type": "images/separated", "width": 2400, "height": 1200, "format": "png", "count": 6, "filenames": ["media/images/Results_344_6c5917769fd7cb4e7acd.png", "media/images/Results_344_7f00274193d56f2e5b42.png", "media/images/Results_344_0396c8c040daf5cf49e1.png", "media/images/Results_344_cade4bf847924b751f03.png", "media/images/Results_344_27e32f416a5e6e66f756.png", "media/images/Results_344_f309ccac7cf745f7d069.png"], "captions": ["results.png", "confusion_matrix.png", "F1_curve.png", "PR_curve.png", "P_curve.png", "R_curve.png"]}, "_wandb": {"runtime": 19769}}