{"best/epoch": 178, "best/precision": 0.8521507309098324, "best/recall": 0.8797356091030789, "best/mAP_0.5": 0.9084491838703909, "best/mAP_0.5:0.95": 0.673107748936959, "Labels": {"_type": "images/separated", "width": 2000, "height": 2000, "format": "jpg", "count": 2, "filenames": ["media/images/Labels_0_d07381ca2e20b09b69c1.jpg", "media/images/Labels_0_88890602ee9b834b0bb5.jpg"], "captions": ["labels_correlogram.jpg", "labels.jpg"]}, "Mosaics": {"_type": "images/separated", "width": 1920, "height": 1920, "format": "jpg", "count": 3, "filenames": ["media/images/Mosaics_0_e459b535f8c9d1e9e03e.jpg", "media/images/Mosaics_0_d012b4e5970cf2be9683.jpg", "media/images/Mosaics_0_21c752baf1eed472da86.jpg"], "captions": ["train_batch0.jpg", "train_batch1.jpg", "train_batch2.jpg"]}, "train/box_loss": 0.007430747151374817, "train/obj_loss": 0.00634072907269001, "train/cls_loss": 0.0005707627860829234, "metrics/precision": 0.8518006124386878, "metrics/recall": 0.8797356091030789, "metrics/mAP_0.5": 0.9083881183770879, "metrics/mAP_0.5:0.95": 0.6739283656118487, "val/box_loss": 0.009085877798497677, "val/obj_loss": 0.004893322940915823, "val/cls_loss": 0.0012465774780139327, "x/lr0": 0.004515399999999999, "x/lr1": 0.004515399999999999, "x/lr2": 0.004515399999999999, "_timestamp": 1687539953.1738365, "_runtime": 13135.872764587402, "_step": 279, "Validation": {"_type": "images/separated", "width": 1920, "height": 1920, "format": "jpg", "count": 6, "filenames": ["media/images/Validation_279_046d910cee3d9d007ae6.jpg", "media/images/Validation_279_e8391d8b7fe9528b95cd.jpg", "media/images/Validation_279_026b3911ef0cb06df6ec.jpg", "media/images/Validation_279_e7e061a9240344ef3b4d.jpg", "media/images/Validation_279_86cb081fed4983a22fb9.jpg", "media/images/Validation_279_535ba0521e3768a32503.jpg"], "captions": ["val_batch0_labels.jpg", "val_batch0_pred.jpg", "val_batch1_labels.jpg", "val_batch1_pred.jpg", "val_batch2_labels.jpg", "val_batch2_pred.jpg"]}, "Results": {"_type": "images/separated", "width": 2400, "height": 1200, "format": "png", "count": 6, "filenames": ["media/images/Results_279_489128669c0d5ce74416.png", "media/images/Results_279_a49333b7c54e61c08a37.png", "media/images/Results_279_284f491131af167ab1f9.png", "media/images/Results_279_a399544845b31b354b79.png", "media/images/Results_279_da480c33ca2634555153.png", "media/images/Results_279_d682f6d8ff78e48bbcc1.png"], "captions": ["results.png", "confusion_matrix.png", "F1_curve.png", "PR_curve.png", "P_curve.png", "R_curve.png"]}, "_wandb": {"runtime": 13133}}