{"best/epoch": 141, "best/precision": 0.8968556352414898, "best/recall": 0.9073827500654152, "best/mAP_0.5": 0.9414399464007699, "best/mAP_0.5:0.95": 0.6758702236372502, "Labels": {"_type": "images/separated", "width": 2000, "height": 2000, "format": "jpg", "count": 2, "filenames": ["media/images/Labels_0_d07381ca2e20b09b69c1.jpg", "media/images/Labels_0_88890602ee9b834b0bb5.jpg"], "captions": ["labels_correlogram.jpg", "labels.jpg"]}, "Mosaics": {"_type": "images/separated", "width": 1920, "height": 1920, "format": "jpg", "count": 3, "filenames": ["media/images/Mosaics_0_e459b535f8c9d1e9e03e.jpg", "media/images/Mosaics_0_d012b4e5970cf2be9683.jpg", "media/images/Mosaics_0_21c752baf1eed472da86.jpg"], "captions": ["train_batch0.jpg", "train_batch1.jpg", "train_batch2.jpg"]}, "train/box_loss": 0.021793607622385025, "train/obj_loss": 0.006388962268829346, "train/cls_loss": 0.0009140188922174275, "metrics/precision": 0.8969604445605848, "metrics/recall": 0.9073293075661695, "metrics/mAP_0.5": 0.9416921107008696, "metrics/mAP_0.5:0.95": 0.6760087213386539, "val/box_loss": 0.02895311824977398, "val/obj_loss": 0.005096117500215769, "val/cls_loss": 0.0012604952789843082, "x/lr0": 0.00208, "x/lr1": 0.00208, "x/lr2": 0.00208, "_timestamp": 1687338557.997177, "_runtime": 11936.070668935776, "_step": 242, "Validation": {"_type": "images/separated", "width": 1920, "height": 1920, "format": "jpg", "count": 6, "filenames": ["media/images/Validation_242_046d910cee3d9d007ae6.jpg", "media/images/Validation_242_31235631618a9d0f469b.jpg", "media/images/Validation_242_026b3911ef0cb06df6ec.jpg", "media/images/Validation_242_378391d5a4546aa0af4a.jpg", "media/images/Validation_242_86cb081fed4983a22fb9.jpg", "media/images/Validation_242_ad4b5cc4fa4d7d7c7eb3.jpg"], "captions": ["val_batch0_labels.jpg", "val_batch0_pred.jpg", "val_batch1_labels.jpg", "val_batch1_pred.jpg", "val_batch2_labels.jpg", "val_batch2_pred.jpg"]}, "Results": {"_type": "images/separated", "width": 2400, "height": 1200, "format": "png", "count": 6, "filenames": ["media/images/Results_242_b73483be0a7ada18d91a.png", "media/images/Results_242_b78d6eff5f87ec6fcfef.png", "media/images/Results_242_71c3f071d4ee63ff0c01.png", "media/images/Results_242_f591ba1ebfd1672e1f1f.png", "media/images/Results_242_6d2b7069276f9174ca8e.png", "media/images/Results_242_f2c8378ed40871039390.png"], "captions": ["results.png", "confusion_matrix.png", "F1_curve.png", "PR_curve.png", "P_curve.png", "R_curve.png"]}, "_wandb": {"runtime": 11934}}