{"best/epoch": 243, "best/precision": 0.9239958940794432, "best/recall": 0.9138339604298492, "best/mAP_0.5": 0.9390835399311739, "best/mAP_0.5:0.95": 0.6750958979672954, "Labels": {"_type": "images/separated", "width": 2000, "height": 2000, "format": "jpg", "count": 2, "filenames": ["media/images/Labels_0_d07381ca2e20b09b69c1.jpg", "media/images/Labels_0_88890602ee9b834b0bb5.jpg"], "captions": ["labels_correlogram.jpg", "labels.jpg"]}, "Mosaics": {"_type": "images/separated", "width": 1920, "height": 1920, "format": "jpg", "count": 3, "filenames": ["media/images/Mosaics_0_e459b535f8c9d1e9e03e.jpg", "media/images/Mosaics_0_d012b4e5970cf2be9683.jpg", "media/images/Mosaics_0_21c752baf1eed472da86.jpg"], "captions": ["train_batch0.jpg", "train_batch1.jpg", "train_batch2.jpg"]}, "train/box_loss": 0.022362004965543747, "train/obj_loss": 0.0071938298642635345, "train/cls_loss": 0.000923005398362875, "metrics/precision": 0.92408537663768, "metrics/recall": 0.9139376763812005, "metrics/mAP_0.5": 0.9392202890393742, "metrics/mAP_0.5:0.95": 0.6750395580797024, "val/box_loss": 0.027488328516483307, "val/obj_loss": 0.005010068416595459, "val/cls_loss": 0.0010387739166617393, "x/lr0": 0.00016600000000000043, "x/lr1": 0.00016600000000000043, "x/lr2": 0.00016600000000000043, "_timestamp": 1687338071.6511989, "_runtime": 10816.839523792267, "_step": 300, "Validation": {"_type": "images/separated", "width": 1920, "height": 1920, "format": "jpg", "count": 6, "filenames": ["media/images/Validation_300_046d910cee3d9d007ae6.jpg", "media/images/Validation_300_25fbe943b7d04d0964f4.jpg", "media/images/Validation_300_026b3911ef0cb06df6ec.jpg", "media/images/Validation_300_8ae8dc3d8a28b4d740b9.jpg", "media/images/Validation_300_86cb081fed4983a22fb9.jpg", "media/images/Validation_300_b7a29a9acc7ffd29d7e1.jpg"], "captions": ["val_batch0_labels.jpg", "val_batch0_pred.jpg", "val_batch1_labels.jpg", "val_batch1_pred.jpg", "val_batch2_labels.jpg", "val_batch2_pred.jpg"]}, "Results": {"_type": "images/separated", "width": 2400, "height": 1200, "format": "png", "count": 6, "filenames": ["media/images/Results_300_c1c1640b42f97de11c9c.png", "media/images/Results_300_c8a305d89ef01094015a.png", "media/images/Results_300_52f3836ebbc296d04d45.png", "media/images/Results_300_7d4be449863259086fe7.png", "media/images/Results_300_14f4bfb978eaecb80a5a.png", "media/images/Results_300_168a73dc848b9026eb92.png"], "captions": ["results.png", "confusion_matrix.png", "F1_curve.png", "PR_curve.png", "P_curve.png", "R_curve.png"]}, "_wandb": {"runtime": 10815}}