{"best/epoch": 421, "best/precision": 0.9524315549165144, "best/recall": 0.9041091378318543, "best/mAP_0.5": 0.9507559303707187, "best/mAP_0.5:0.95": 0.6978817051308513, "Labels": {"_type": "images/separated", "width": 2000, "height": 2000, "format": "jpg", "count": 2, "filenames": ["media/images/Labels_0_d07381ca2e20b09b69c1.jpg", "media/images/Labels_0_88890602ee9b834b0bb5.jpg"], "captions": ["labels_correlogram.jpg", "labels.jpg"]}, "Mosaics": {"_type": "images/separated", "width": 1920, "height": 1920, "format": "jpg", "count": 3, "filenames": ["media/images/Mosaics_0_e459b535f8c9d1e9e03e.jpg", "media/images/Mosaics_0_d012b4e5970cf2be9683.jpg", "media/images/Mosaics_0_21c752baf1eed472da86.jpg"], "captions": ["train_batch0.jpg", "train_batch1.jpg", "train_batch2.jpg"]}, "train/box_loss": 0.016384299844503403, "train/obj_loss": 0.005095538217574358, "train/cls_loss": 0.0003741828550118953, "metrics/precision": 0.9525028543546927, "metrics/recall": 0.904354177310106, "metrics/mAP_0.5": 0.950706944342311, "metrics/mAP_0.5:0.95": 0.6982669772533749, "val/box_loss": 0.02815302275121212, "val/obj_loss": 0.005207022186368704, "val/cls_loss": 0.0010728618362918496, "x/lr0": 0.00013960000000000003, "x/lr1": 0.00013960000000000003, "x/lr2": 0.00013960000000000003, "_timestamp": 1687712159.7816556, "_runtime": 26025.400300502777, "_step": 500, "Validation": {"_type": "images/separated", "width": 1920, "height": 1920, "format": "jpg", "count": 6, "filenames": ["media/images/Validation_500_046d910cee3d9d007ae6.jpg", "media/images/Validation_500_5fe87d360381abd49563.jpg", "media/images/Validation_500_026b3911ef0cb06df6ec.jpg", "media/images/Validation_500_83d020207b396c301153.jpg", "media/images/Validation_500_86cb081fed4983a22fb9.jpg", "media/images/Validation_500_ee98cd7c2a6a57d94835.jpg"], "captions": ["val_batch0_labels.jpg", "val_batch0_pred.jpg", "val_batch1_labels.jpg", "val_batch1_pred.jpg", "val_batch2_labels.jpg", "val_batch2_pred.jpg"]}, "Results": {"_type": "images/separated", "width": 2400, "height": 1200, "format": "png", "count": 6, "filenames": ["media/images/Results_500_15c69fe5d9d0fbe6e0d5.png", "media/images/Results_500_4c57ce87c54ff974d2e9.png", "media/images/Results_500_b04b0c44051d5b309513.png", "media/images/Results_500_ea63a11e7a075087555f.png", "media/images/Results_500_1ab5e8ff5e7703adbfcb.png", "media/images/Results_500_81496fa5ee202f7420f5.png"], "captions": ["results.png", "confusion_matrix.png", "F1_curve.png", "PR_curve.png", "P_curve.png", "R_curve.png"]}, "_wandb": {"runtime": 26024}}