{"best/epoch": 268, "best/precision": 0.92034536613204, "best/recall": 0.9305623651304733, "best/mAP_0.5": 0.9562856306152022, "best/mAP_0.5:0.95": 0.6901855318399241, "Labels": {"_type": "images/separated", "width": 2000, "height": 2000, "format": "jpg", "count": 2, "filenames": ["media/images/Labels_0_d07381ca2e20b09b69c1.jpg", "media/images/Labels_0_88890602ee9b834b0bb5.jpg"], "captions": ["labels_correlogram.jpg", "labels.jpg"]}, "Mosaics": {"_type": "images/separated", "width": 1920, "height": 1920, "format": "jpg", "count": 3, "filenames": ["media/images/Mosaics_0_e459b535f8c9d1e9e03e.jpg", "media/images/Mosaics_0_d012b4e5970cf2be9683.jpg", "media/images/Mosaics_0_21c752baf1eed472da86.jpg"], "captions": ["train_batch0.jpg", "train_batch1.jpg", "train_batch2.jpg"]}, "train/box_loss": 0.02042713388800621, "train/obj_loss": 0.005949479527771473, "train/cls_loss": 0.0008665289497002959, "metrics/precision": 0.9208599495823786, "metrics/recall": 0.9305515820094203, "metrics/mAP_0.5": 0.9563563622674265, "metrics/mAP_0.5:0.95": 0.690133219716787, "val/box_loss": 0.027806269004940987, "val/obj_loss": 0.005007505416870117, "val/cls_loss": 0.0013113737804815173, "x/lr0": 0.0027334000000000004, "x/lr1": 0.0027334000000000004, "x/lr2": 0.0027334000000000004, "_timestamp": 1687436888.3736653, "_runtime": 21545.095772266388, "_step": 369, "Validation": {"_type": "images/separated", "width": 1920, "height": 1920, "format": "jpg", "count": 6, "filenames": ["media/images/Validation_369_046d910cee3d9d007ae6.jpg", "media/images/Validation_369_a3b2b4d6d1ad1ce66ad1.jpg", "media/images/Validation_369_026b3911ef0cb06df6ec.jpg", "media/images/Validation_369_458d9baa55cdbed6cc8f.jpg", "media/images/Validation_369_86cb081fed4983a22fb9.jpg", "media/images/Validation_369_07650d017ee96df5bd0b.jpg"], "captions": ["val_batch0_labels.jpg", "val_batch0_pred.jpg", "val_batch1_labels.jpg", "val_batch1_pred.jpg", "val_batch2_labels.jpg", "val_batch2_pred.jpg"]}, "Results": {"_type": "images/separated", "width": 2400, "height": 1200, "format": "png", "count": 6, "filenames": ["media/images/Results_369_5561b75b1a4f86847aab.png", "media/images/Results_369_9ad9d6271ab37e867957.png", "media/images/Results_369_f78d504816f5cb4e1707.png", "media/images/Results_369_20dd8fab39cc2fe13cdf.png", "media/images/Results_369_f4b4adaed14818f9c860.png", "media/images/Results_369_0e0ecce8ee4af3b70225.png"], "captions": ["results.png", "confusion_matrix.png", "F1_curve.png", "PR_curve.png", "P_curve.png", "R_curve.png"]}, "_wandb": {"runtime": 21543}}