{"best/epoch": 214, "best/precision": 0.9069332695787384, "best/recall": 0.9126835874035699, "best/mAP_0.5": 0.9381593658294419, "best/mAP_0.5:0.95": 0.6777550488534805, "Labels": {"_type": "images/separated", "width": 2000, "height": 2000, "format": "jpg", "count": 2, "filenames": ["media/images/Labels_0_d07381ca2e20b09b69c1.jpg", "media/images/Labels_0_88890602ee9b834b0bb5.jpg"], "captions": ["labels_correlogram.jpg", "labels.jpg"]}, "Mosaics": {"_type": "images/separated", "width": 1920, "height": 1920, "format": "jpg", "count": 3, "filenames": ["media/images/Mosaics_0_e459b535f8c9d1e9e03e.jpg", "media/images/Mosaics_0_d012b4e5970cf2be9683.jpg", "media/images/Mosaics_0_21c752baf1eed472da86.jpg"], "captions": ["train_batch0.jpg", "train_batch1.jpg", "train_batch2.jpg"]}, "train/box_loss": 0.021612361073493958, "train/obj_loss": 0.006049811840057373, "train/cls_loss": 0.0007834173738956451, "metrics/precision": 0.908571842275086, "metrics/recall": 0.9115150388930817, "metrics/mAP_0.5": 0.9380135612011011, "metrics/mAP_0.5:0.95": 0.6781241415026956, "val/box_loss": 0.029084982350468636, "val/obj_loss": 0.005057176109403372, "val/cls_loss": 0.0013214349746704102, "x/lr0": 0.0038026, "x/lr1": 0.0038026, "x/lr2": 0.0038026, "_timestamp": 1687453672.5926003, "_runtime": 13889.200755357742, "_step": 315, "Validation": {"_type": "images/separated", "width": 1920, "height": 1920, "format": "jpg", "count": 6, "filenames": ["media/images/Validation_315_046d910cee3d9d007ae6.jpg", "media/images/Validation_315_ae1fb2125be36b031596.jpg", "media/images/Validation_315_026b3911ef0cb06df6ec.jpg", "media/images/Validation_315_89d1573c22126fd5bac1.jpg", "media/images/Validation_315_86cb081fed4983a22fb9.jpg", "media/images/Validation_315_e16787144067f4008d3d.jpg"], "captions": ["val_batch0_labels.jpg", "val_batch0_pred.jpg", "val_batch1_labels.jpg", "val_batch1_pred.jpg", "val_batch2_labels.jpg", "val_batch2_pred.jpg"]}, "Results": {"_type": "images/separated", "width": 2400, "height": 1200, "format": "png", "count": 6, "filenames": ["media/images/Results_315_a0a5ac4c7d76fcf73a2c.png", "media/images/Results_315_57af32b0a54bd42a2c75.png", "media/images/Results_315_17f8429c60b60fef6b9e.png", "media/images/Results_315_c918f08a3ccd202bc3f8.png", "media/images/Results_315_9522c355009dacbff0b9.png", "media/images/Results_315_52f0b5063760ce73805c.png"], "captions": ["results.png", "confusion_matrix.png", "F1_curve.png", "PR_curve.png", "P_curve.png", "R_curve.png"]}, "_wandb": {"runtime": 13887}}